Hospital,Degree_Centrality,In_Degree_Centrality,Out_Degree_Centrality,Betweenness_Centrality,Closeness_Centrality,Eigenvector_Centrality,Degree_Centrality_Normalized,In_Degree_Centrality_Normalized,Betweenness_Centrality_Normalized,Closeness_Centrality_Normalized,Eigenvector_Centrality_Normalized
St Mary's Hospital,2.0,1.0,1.0,0.0,0.007731958762886598,0.6256866366418006,100.0,100.0,0.0,27.835051546391753,100.0
Chelsea and Westminster Hospital,2.0,1.0,1.0,0.0,0.007662835249042145,0.619545710107149,100.0,100.0,0.0,27.586206896551722,99.01853001566226
Ealing Hospital,2.0,1.0,1.0,0.0,0.016304347826086956,0.32662340998032935,100.0,100.0,0.0,58.69565217391305,52.20239507325742
Northwick Park Hospital,2.0,1.0,1.0,0.0,0.014251781472684086,0.27654726785619566,100.0,100.0,0.0,51.306413301662715,44.19900500680123
Hillingdon Hospital,2.0,1.0,1.0,0.11666666666666667,0.02643171806167401,0.12230547686255994,100.0,100.0,25.925925925925924,95.15418502202644,19.54740115898921
Charing Cross Hospital,2.0,1.0,1.0,0.26666666666666666,0.02654867256637168,0.12144907736332394,100.0,100.0,59.25925925925925,95.57522123893806,19.410527610940864
West Middlesex University Hospital,2.0,1.0,1.0,0.45,0.027777777777777776,0.10867195795978998,100.0,100.0,100.0,100.0,17.368431990661744
