Hospital,Degree_Centrality,In_Degree_Centrality,Out_Degree_Centrality,Betweenness_Centrality,Closeness_Centrality,Eigenvector_Centrality,PageRank,Clustering_Coefficient,Degree_Centrality_Normalized,In_Degree_Centrality_Normalized,Out_Degree_Centrality_Normalized,Betweenness_Centrality_Normalized,Closeness_Centrality_Normalized,Eigenvector_Centrality_Normalized,PageRank_Normalized,Clustering_Coefficient_Normalized,Vulnerability_Score,Vulnerability_Score_100,Rank,Risk_Tier
West Middlesex University Hospital,2.0,1.0,1.0,0.45,1.0,0.10867195795978998,0.05880008065882608,1.0,0.5,0.5,0.5,1.0,0.5,0.0,0.0,0.5,0.55,55.00000000000001,1,Tier 1 (Critical)
St Mary's Hospital,2.0,1.0,1.0,0.0,1.0,0.6256866366418006,0.2839239099788946,1.0,0.5,0.5,0.5,0.0,0.5,1.0,1.0,0.5,0.45,45.0,2,Tier 1 (Critical)
Chelsea and Westminster Hospital,2.0,1.0,1.0,0.0,1.0,0.619545710107149,0.2775615171830967,1.0,0.5,0.5,0.5,0.0,0.5,0.9881223361969022,0.9717382526096239,0.5,0.44762446723938043,44.76244672393804,3,Tier 2 (High)
Charing Cross Hospital,2.0,1.0,1.0,0.26666666666666666,1.0,0.12144907736332394,0.06331665191069026,1.0,0.5,0.5,0.5,0.5925925925925926,0.5,0.0247132623702402,0.020062608500865404,0.5,0.43272043025182577,43.272043025182576,4,Tier 3 (Medium)
Ealing Hospital,2.0,1.0,1.0,0.0,1.0,0.32662340998032935,0.13400328951412832,1.0,0.5,0.5,0.5,0.0,0.5,0.42155757081432926,0.3340526370861545,0.5,0.33431151416286586,33.43115141628659,5,Tier 3 (Medium)
Hillingdon Hospital,2.0,1.0,1.0,0.11666666666666667,1.0,0.12230547686255994,0.062237195647677296,1.0,0.5,0.5,0.5,0.25925925925925924,0.5,0.02636969406270037,0.015267664019540621,0.5,0.33305171659031785,33.305171659031785,6,Tier 4 (Low)
Northwick Park Hospital,2.0,1.0,1.0,0.0,1.0,0.27654726785619566,0.12015735510668643,1.0,0.5,0.5,0.5,0.0,0.5,0.3247012450871965,0.2725489995136232,0.5,0.3149402490174393,31.494024901743927,7,Tier 4 (Low)
